Hyundai Santa Fe,624862B000-HYUNDAI,Cylinder block of subframe,334,UkrAvto
Hyundai Santa Fe,IJ112018-ILJIN,Cubicle rear (with bearing) (ABS),346,UkrAvto
Hyundai Santa Fe,865202B010-HYUNDAI,Absorber of the bumper front,199,UkrAvto
Hyundai Santa Fe,865202B700-HYUNDAI,Absorber of the front bumper,503,UkrAvto
Hyundai Santa Fe,865202W000-HYUNDAI,Absorber of the front bumper,170,UkrAvto
Hyundai Santa Fe,817702B001-KGS,Shock Absorber Door Trunk,75,UkrAvto
Hyundai Santa Fe,553102B211-HYUNDAI,Shock Absorber,1093,UkrAvto
Hyundai Santa Fe,553102B520-HYUNDAI,Shock damper rear,1270,UkrAvto
Hyundai Santa Fe,EX553102B211-MANDO,Shock damper rear,991,UkrAvto
Hyundai Santa Fe,553102B500-HYUNDAI,Shock damper rear,133,UkrAvto
Hyundai Santa Fe,553102P200-HYUNDAI,Shock damper rear,22,UkrAvto
Hyundai Santa Fe,5530526200-HYUNDAI,Shock damper rear gas,44,UkrAvto
Hyundai Santa Fe,5530526000-HYUNDAI,Shock damper rear gas,39,UkrAvto
Hyundai Santa Fe,553202B100-HYUNDAI,Shock left rear (gas) (with swing),257,UkrAvto
Hyundai Santa Fe,553212B100-HYUNDAI,Shock absorber rear right (gas) (with swing),122,UkrAvto
Hyundai Santa Fe,811612W000-HYUNDAI,Shock absorber hood,219,UkrAvto
Hyundai Santa Fe,8177126011-HYUNDAI,Trunk lid shock absorber,120,UkrAvto
Hyundai Santa Fe,546502B201-HYUNDAI,Shock absorber front left,219,UkrAvto
Hyundai Santa Fe,5465026600-HYUNDAI,Shock front left (gas),224,UkrAvto
Hyundai Santa Fe,546502B510-HYUNDAI,Shock front left (gas),112,UkrAvto
Hyundai Santa Fe,546502B540-HYUNDAI,Shock front left (gas),263,UkrAvto
Hyundai Santa Fe,546602B201-HYUNDAI,Shock absorber front right,129,UkrAvto
Hyundai Santa Fe,EX5466026600-MANDO,Shock Absorber Right (Gas),83,UkrAvto
Hyundai Santa Fe,5466026300-HYUNDAI,Shock Absorber Right (Gas),5334,UkrAvto
Hyundai Santa Fe,546602B500-HYUNDAI,Shock Absorber Right (Gas),2216,UkrAvto
Hyundai Santa Fe,866112B040-HYUNDAI,Bumper rear,3299,UkrAvto
Hyundai Santa Fe,866502B700-HYUNDAI,Bumper rear (upper part),5791,UkrAvto
Hyundai Santa Fe,866112W000-HYUNDAI,Bumper rear upper part,119,UkrAvto
Hyundai Santa Fe,8651026900-HYUNDAI,Bumper front,188,UkrAvto
Hyundai Santa Fe,865112B020-HYUNDAI,Bumper front,174,UkrAvto
Hyundai Santa Fe,865112B700-HYUNDAI,Bumper front,358,UkrAvto
Hyundai Santa Fe,865122W000-HYUNDAI,Bumper Front (Lower),352,UkrAvto
Hyundai Santa Fe,865112W000-HYUNDAI,Bumper front upper part,352,UkrAvto
,,,,
,,,,
,,,,
,,,,
,,,,
,,,,
,,,,
,,,,